Metric,T-test Statistic,T-test P-value,Mann-Whitney U Statistic,Mann-Whitney U P-value
Physics Time (ms),-92.78922884825538,0.0,2220974287.5,0.0
Main Thread Time (ms),-4.377637381786797,1.200479663036798e-05,2857741103.0,0.0
System Memory (MB),-327.3830459463741,0.0,1161920454.0,0.0
Wall Time (ms),9.31988901206618,1.1786154981088938e-20,3343493005.0,9.535502265818396e-20
